benchmark,DDR3_1600_8x8-Simple,DDR3_1600_8x8-DefaultO3
505.mcf_r,0.067171,0.153954
510.parest_r,0.007164,0.015802
523.xalancbmk_r,0.035687,0.0
531.deepsjeng_r,0.124804,0.0
541.leela_r,0.000279,0.000539
605.mcf_s,0.067171,0.153954
623.xalancbmk_s,0.035846,0.0
631.deepsjeng_s,0.124969,0.0
641.leela_s,0.00028,0.000544
